"TxnID","isFraud","TxnDT","TxnDTHour","TxnAmt","ProductCD","addr1","addr2","dist1","dist2","card1","card2","card3","card4","card5","card6","P_emaildomain","R_emaildomain","C1","C2","C3","C4","C5","C6","C7","C8","C9","C10","C11","C12","C13","C14","D1","D2","D3","D4","D5","D6","D7","D8","D9","D10","D11","D12","D13","D14","D15","M1","M2","M3","M4","M5","M6","M7","M8","M9","V310","V311","V312","V313","V314","id_01","id_02","id_03","id_04","id_05","id_06","id_07","id_08","id_09","id_10","id_11","id_12","id_13","id_14","id_15","id_16","id_17","id_18","id_19","id_20","id_21","id_22","id_23","id_24","id_25","id_26","id_27","id_28","id_29","id_30","id_31","id_32","id_33","id_34","id_35","id_36","id_37","id_38","DevType","DevInfo"
2987004,0,86506,24,82.9,"TP",402,73,NA,NA,4497,514,150,"mastercard",102,"credit","Google","",1,1,0,0,0,1,0,1,0,1,1,0,1,1,0,NA,NA,NA,NA,NA,NA,NA,NA,NA,NA,NA,NA,NA,NA,NA,NA,NA,"",NA,NA,NA,NA,NA,0,0,0,0,0,0,70787,NA,NA,NA,NA,NA,NA,NA,NA,100,"NotFound",NA,-480,"New","NotFound",166,NA,542,144,NA,NA,"",NA,NA,NA,"","New","NotFound","Android","samsung browser 6.2",32,"2220x1080","match_status:2",TRUE,FALSE,TRUE,TRUE,"mobile","SAMSUNG SM-G892A Build/NRD90M"
2987011,0,86555,24,27.2817,"LY",NA,NA,NA,30,4461,375,185,"mastercard",224,"debit","Microsoft","Microsoft",1,1,0,1,0,1,1,1,0,1,1,1,1,1,0,NA,NA,0,NA,0,NA,NA,NA,0,NA,0,0,0,0,NA,NA,NA,"M0",NA,NA,NA,NA,NA,0,0,0,0,0,-5,221832,NA,NA,0,-6,NA,NA,NA,NA,100,"NotFound",52,NA,"New","NotFound",225,NA,176,507,NA,NA,"",NA,NA,NA,"","New","NotFound","","chrome 62.0",NA,"","",FALSE,FALSE,TRUE,TRUE,"desktop",""
2987016,0,86620,24,49.7,"TP",152,73,NA,NA,1790,555,150,"visa",226,"debit","AOL","",1,1,0,0,0,1,0,1,0,1,1,0,1,1,0,NA,NA,NA,NA,NA,NA,26,0,NA,NA,NA,NA,NA,NA,NA,NA,NA,"",NA,NA,NA,NA,NA,0,0,0,0,0,0,7460,0,0,1,0,NA,NA,0,0,100,"NotFound",NA,-300,"Found","Found",166,15,529,575,NA,NA,"",NA,NA,NA,"","Found","Found","Mac","chrome 62.0",24,"1280x800","match_status:2",TRUE,FALSE,TRUE,TRUE,"desktop","MacOS"
2987022,0,86786,24,82.9,"TP",281,73,NA,NA,1724,583,150,"visa",226,"credit","Google","",1,1,0,0,0,1,0,0,0,0,1,0,1,1,0,NA,NA,NA,NA,NA,NA,NA,NA,NA,NA,NA,NA,NA,NA,NA,NA,NA,"",NA,NA,NA,NA,NA,0,0,0,0,0,-15,NA,NA,NA,NA,NA,NA,NA,NA,NA,NA,"NotFound",14,NA,"","",NA,NA,NA,NA,NA,NA,"",NA,NA,NA,"","","","","",NA,"","",NA,NA,NA,NA,"",""
2987038,0,87172,24,41.4,"AD",312,73,NA,98,5463,399,150,"american express",137,"credit","","Google",1,2,0,1,0,0,0,6,0,93,1,0,96,1,542,542,NA,NA,NA,537,4,29,0,520,NA,NA,NA,NA,541,NA,NA,NA,"",NA,NA,NA,NA,NA,145,0,25,0,0,0,31964,0,0,0,-10,NA,NA,0,0,100,"Found",NA,-300,"Found","Found",166,15,352,533,NA,NA,"",NA,NA,NA,"","Found","Found","Android","chrome 62.0",32,"1920x1080","match_status:2",TRUE,FALSE,TRUE,TRUE,"mobile",""
2987040,0,87209,24,125.87242,"LY",NA,NA,NA,NA,13329,569,117,"visa",226,"credit","Google","Google",2,5,0,1,0,1,1,1,0,1,2,2,3,2,0,NA,NA,0,0,0,0,83,0,0,NA,0,0,0,0,NA,NA,NA,"M0",NA,NA,NA,NA,NA,0,0,0,0,0,-10,116098,0,0,0,0,NA,NA,0,0,100,"NotFound",52,NA,"Found","Found",121,NA,410,142,NA,NA,"",NA,NA,NA,"","Found","Found","","chrome 62.0",NA,"","",FALSE,FALSE,TRUE,TRUE,"desktop","Windows"
2987048,0,87317,24,70.10804,"LY",NA,NA,NA,NA,15885,545,185,"visa",138,"debit","Microsoft","Microsoft",1,1,0,1,0,1,1,1,0,1,1,1,1,1,0,NA,NA,0,NA,0,NA,NA,NA,0,NA,0,0,0,0,NA,NA,NA,"M2",NA,NA,NA,NA,NA,0,0,0,0,0,-5,257037,NA,NA,0,0,NA,NA,NA,NA,100,"NotFound",52,NA,"New","NotFound",225,NA,484,507,NA,NA,"",NA,NA,NA,"","New","NotFound","","chrome 62.0",NA,"","",FALSE,FALSE,TRUE,TRUE,"desktop","Windows"
2987057,0,87445,24,82.9,"TP",186,73,NA,NA,11839,490,150,"visa",226,"debit","Google","",1,1,0,0,0,1,0,1,0,1,1,0,1,1,0,NA,NA,0,NA,NA,NA,NA,NA,NA,NA,NA,NA,NA,0,NA,NA,NA,"",NA,NA,NA,NA,NA,0,0,0,0,0,0,88525,NA,NA,NA,NA,NA,NA,NA,NA,100,"NotFound",NA,-300,"New","NotFound",166,NA,278,600,NA,NA,"",NA,NA,NA,"","New","NotFound","Android","chrome 62.0 for android",32,"1920x1080","match_status:2",TRUE,FALSE,TRUE,TRUE,"mobile","SM-G930V Build/NRD90M"
2987069,0,87725,24,33.1,"AD",312,73,NA,84,12866,303,150,"visa",226,"debit","","Microsoft",7,1,0,3,0,0,0,5,0,11,1,0,12,6,0,NA,NA,NA,NA,216,4,126,0,284,NA,NA,NA,NA,284,NA,NA,NA,"",NA,NA,NA,NA,NA,0,0,0,0,0,0,69542,0,0,2,-4,NA,NA,0,0,100,"Found",NA,-300,"Found","Found",166,15,352,533,NA,NA,"",NA,NA,NA,"","Found","Found","Linux","chrome 62.0",32,"1920x1080","match_status:2",TRUE,FALSE,TRUE,TRUE,"desktop",""
2987070,0,87735,24,165.9,"TP",307,73,NA,NA,3682,264,150,"visa",162,"credit","Others","",1,1,0,0,0,1,0,1,0,1,1,0,1,1,0,NA,NA,NA,NA,NA,NA,NA,NA,NA,NA,NA,NA,NA,NA,NA,NA,NA,"",NA,NA,NA,NA,NA,0,0,0,0,0,0,132356,NA,NA,1,-6,NA,NA,NA,NA,100,"NotFound",NA,-300,"New","NotFound",166,13,529,549,NA,NA,"",NA,NA,NA,"","New","NotFound","iOS","mobile safari 11.0",32,"1136x640","match_status:1",TRUE,FALSE,TRUE,TRUE,"mobile","iOS Device"
2987074,0,87775,24,46.03638,"LY",NA,NA,NA,100,15885,545,185,"visa",138,"debit","Google","Google",1,1,0,1,0,1,1,1,0,1,1,1,1,1,0,NA,NA,0,NA,0,NA,NA,NA,0,NA,0,0,0,0,NA,NA,NA,"M2",NA,NA,NA,NA,NA,0,0,0,0,0,-5,419136,NA,NA,0,0,NA,NA,NA,NA,100,"NotFound",52,NA,"New","NotFound",225,NA,266,305,NA,NA,"",NA,NA,NA,"","New","NotFound","","chrome 62.0",NA,"","",FALSE,FALSE,TRUE,TRUE,"desktop","Windows"
2987084,0,87928,24,208.51884,"LY",NA,NA,NA,744,5583,103,185,"visa",226,"credit","Others","Others",1,1,0,1,0,1,1,1,0,1,1,1,1,1,0,NA,NA,0,NA,0,NA,NA,NA,0,NA,0,0,0,0,NA,NA,NA,"M0",NA,NA,NA,NA,NA,0,0,0,0,0,-5,436352,NA,NA,0,0,NA,NA,NA,NA,100,"NotFound",52,NA,"New","NotFound",225,NA,290,401,NA,NA,"",NA,NA,NA,"","New","NotFound","","chrome 62.0",NA,"","",FALSE,FALSE,TRUE,TRUE,"desktop","Windows"
2987093,0,88070,24,82.9,"TP",213,73,NA,NA,5220,360,150,"visa",226,"credit","Spectrum","Spectrum",1,1,0,1,0,1,0,1,0,1,1,0,1,1,0,NA,NA,NA,NA,NA,NA,777,0,NA,NA,NA,NA,NA,NA,NA,NA,NA,"",NA,NA,NA,NA,NA,0,0,0,0,0,-5,34810,NA,NA,1,0,NA,NA,0,0,93.75,"NotFound",52,-300,"New","NotFound",166,NA,548,391,NA,NA,"",NA,NA,NA,"","Found","Found","Windows","edge 15.0",24,"","match_status:2",TRUE,FALSE,TRUE,TRUE,"desktop","Windows"
2987099,0,88162,24,124.4,"WF",108,73,NA,NA,1214,174,150,"visa",226,"credit","Google","Google",2,1,0,2,0,1,0,1,0,2,1,0,2,2,0,NA,NA,NA,NA,NA,NA,12,0,NA,NA,NA,NA,0,NA,NA,NA,NA,"",NA,NA,NA,NA,NA,0,0,0,0,0,-10,129080,0,0,9,-43,22,-34,0,0,100,"Found",49,-300,"Found","Found",166,12,122,549,252,14,"IP_PROXY:TRANSPARENT",11,321,184,"Found","Found","Found","iOS","mobile safari generic",32,"1334x750","match_status:2",TRUE,FALSE,TRUE,FALSE,"mobile","iOS Device"
2987104,0,88208,24,165.9,"TP",312,73,NA,NA,16659,170,150,"visa",226,"credit","Others","",1,1,0,0,0,1,0,1,0,1,1,0,1,1,0,NA,NA,NA,NA,NA,NA,0,0,NA,NA,NA,NA,NA,NA,NA,NA,NA,"",NA,NA,NA,NA,NA,0,0,0,0,0,0,30696,0,0,0,0,NA,NA,0,0,100,"Found",NA,-300,"Found","Found",166,NA,215,533,NA,NA,"",NA,NA,NA,"","Found","Found","Android","chrome 62.0 for android",32,"1920x1080","match_status:2",TRUE,FALSE,TRUE,TRUE,"mobile","SM-G930V Build/NRD90M"
2987105,0,88229,24,8.3245,"LY",NA,NA,NA,NA,15885,545,185,"visa",138,"debit","Google","Google",1,2,0,2,0,2,2,2,0,2,2,2,1,1,21,NA,21,0,NA,0,NA,NA,NA,0,NA,0,0,98,0,NA,NA,NA,"M2",NA,NA,NA,NA,NA,0,0,0,0,0,0,194580,NA,NA,12,-6,NA,NA,NA,NA,100,"NotFound",NA,NA,"New","NotFound",225,15,345,507,NA,NA,"",NA,NA,NA,"","New","NotFound","","chrome 62.0 for android",NA,"","",FALSE,FALSE,TRUE,TRUE,"mobile","XT1635-02 Build/NPN26.118-22-2"
2987108,0,88303,24,248.9,"TP",325,73,NA,NA,9515,492,150,"visa",226,"debit","Google","Google",1,1,0,1,0,1,0,0,0,0,1,0,1,1,0,NA,NA,NA,NA,NA,NA,NA,NA,NA,NA,NA,NA,NA,NA,NA,NA,NA,"",NA,NA,NA,NA,NA,0,0,0,0,0,-15,NA,NA,NA,NA,NA,NA,NA,NA,NA,NA,"NotFound",14,NA,"","",NA,NA,NA,NA,NA,NA,"",NA,NA,NA,"","","","","",NA,"","",NA,NA,NA,NA,"",""
2987114,0,88404,24,7.25878,"LY",NA,NA,NA,7,12184,440,185,"visa",138,"debit","Google","Google",1,1,0,1,0,1,1,1,0,1,1,1,0,0,0,NA,NA,0,NA,0,NA,4,0,0,NA,0,0,97,0,NA,NA,NA,"M2",NA,NA,NA,NA,NA,0,0,0,0,0,-5,190935,0,0,6,-9,NA,NA,0,0,100,"NotFound",52,NA,"Found","Found",225,13,242,507,NA,NA,"",NA,NA,NA,"","Found","Found","","chrome 62.0",NA,"","",FALSE,FALSE,TRUE,TRUE,"desktop","Windows"
2987121,0,88517,24,82.9,"TP",163,73,NA,NA,1804,161,150,"mastercard",117,"debit","Google","",1,1,0,0,0,1,0,1,0,1,1,0,0,0,0,NA,NA,NA,NA,NA,NA,2,0,NA,NA,NA,NA,NA,NA,NA,NA,NA,"",NA,NA,NA,NA,NA,0,0,0,0,0,0,18305,2,0,2,0,NA,NA,2,0,100,"NotFound",NA,-300,"Found","Found",166,NA,215,277,NA,NA,"",NA,NA,NA,"","Found","Found","Mac","chrome 62.0",24,"2880x1800","match_status:2",TRUE,FALSE,TRUE,TRUE,"desktop","MacOS"
2987125,0,88556,24,82.9,"TP",163,73,NA,NA,1804,161,150,"mastercard",117,"debit","Google","",1,1,0,0,0,1,0,1,0,1,1,0,1,1,0,NA,NA,NA,NA,NA,NA,2,0,NA,NA,NA,NA,NA,NA,NA,NA,NA,"",NA,NA,NA,NA,NA,0,0,0,0,0,0,32876,2,0,2,0,NA,NA,2,0,100,"Found",NA,-300,"Found","Found",166,NA,215,277,NA,NA,"",NA,NA,NA,"","Found","Found","Mac","chrome 62.0",24,"2880x1800","match_status:2",TRUE,FALSE,TRUE,TRUE,"desktop","MacOS"
2987130,0,88619,24,117.64878,"LY",NA,NA,NA,NA,13329,569,117,"visa",226,"credit","Google","Google",2,6,0,1,0,1,1,1,0,1,2,2,3,2,0,0,0,0,0,0,0,83,0,0,NA,0,0,0,0,NA,NA,NA,"M0",NA,NA,NA,NA,NA,75.88749695,75.88749695,75.88749695,75.88749695,75.88749695,-10,175789,0,0,0,0,NA,NA,0,0,100,"NotFound",52,NA,"Found","Found",121,NA,410,142,NA,NA,"",NA,NA,NA,"","Found","Found","","chrome 62.0",NA,"","",FALSE,FALSE,TRUE,TRUE,"desktop","Windows"
2987138,0,88725,24,165.9,"TP",166,73,NA,NA,16075,514,150,"mastercard",102,"credit","Yahoo","",1,1,0,0,0,1,0,1,0,1,1,0,1,1,0,NA,NA,NA,NA,NA,NA,94,0,NA,NA,NA,NA,NA,NA,NA,NA,NA,"",NA,NA,NA,NA,NA,0,0,0,0,0,-5,68343,0,0,1,0,NA,NA,1,0,100,"NotFound",52,-300,"Found","Found",166,NA,193,368,NA,NA,"",NA,NA,NA,"","Found","Found","Windows","edge 16.0",24,"1920x1200","match_status:2",TRUE,FALSE,TRUE,TRUE,"desktop","Windows"
2987144,0,88803,24,331.9,"WF",254,73,NA,6,8194,325,150,"visa",195,"debit","Others","Others",1,1,0,1,0,1,0,1,0,1,1,0,1,1,0,NA,NA,NA,NA,NA,NA,766,0,NA,NA,NA,NA,NA,NA,NA,NA,NA,"",NA,NA,NA,NA,NA,0,0,0,0,0,-5,157470,0,0,0,-5,NA,NA,1,0,100,"Found",49,-300,"Found","Found",166,NA,650,597,NA,NA,"",NA,NA,NA,"","Found","Found","Mac","safari generic",24,"2560x1600","match_status:2",TRUE,FALSE,FALSE,FALSE,"desktop","MacOS"
2987145,0,88805,24,165.9,"WF",415,73,NA,NA,8260,399,150,"american express",150,"credit","Others","Others",1,1,0,1,0,1,0,1,0,1,1,0,1,1,0,NA,NA,NA,NA,NA,NA,NA,NA,NA,NA,NA,NA,NA,NA,NA,NA,NA,"",NA,NA,NA,NA,NA,0,0,0,0,0,-5,127488,NA,NA,2,-11,NA,NA,NA,NA,100,"NotFound",49,-360,"New","NotFound",166,12,352,214,NA,NA,"",NA,NA,NA,"","New","NotFound","iOS","mobile safari 11.0",32,"2048x1536","match_status:1",TRUE,FALSE,FALSE,FALSE,"mobile","iOS Device"
2987148,0,88842,24,49.7,"TP",307,73,NA,NA,14858,558,150,"visa",226,"debit","Yahoo","",1,1,0,0,0,1,0,1,0,1,1,0,1,1,0,NA,NA,NA,NA,NA,NA,NA,NA,NA,NA,NA,NA,NA,NA,NA,NA,NA,"",NA,NA,NA,NA,NA,0,0,0,0,0,-5,123916,NA,NA,0,0,NA,NA,NA,NA,100,"NotFound",49,-300,"New","NotFound",166,NA,390,549,NA,NA,"",NA,NA,NA,"","New","NotFound","iOS","mobile safari 11.0",32,"1334x750","match_status:1",TRUE,FALSE,FALSE,TRUE,"mobile","iOS Device"
2987173,0,89230,24,41.4,"TP",166,73,NA,NA,4436,174,150,"visa",183,"debit","Google","Google",1,1,0,1,0,1,0,1,0,1,1,0,1,1,0,NA,NA,NA,NA,NA,NA,NA,NA,NA,NA,NA,NA,NA,NA,NA,NA,NA,"",NA,NA,NA,NA,NA,0,0,0,0,0,0,113499,NA,NA,0,0,NA,NA,NA,NA,100,"NotFound",NA,-300,"New","NotFound",166,NA,215,368,NA,NA,"",NA,NA,NA,"","New","NotFound","iOS","mobile safari 11.0",32,"1136x640","match_status:1",TRUE,FALSE,TRUE,TRUE,"mobile","iOS Device"
2987183,0,89444,24,331.9,"TP",186,73,NA,NA,10047,111,150,"visa",226,"credit","CenturyLink","",1,1,0,0,0,1,0,1,0,1,1,0,1,1,0,NA,NA,NA,NA,NA,NA,NA,NA,NA,NA,NA,NA,NA,NA,NA,NA,NA,"",NA,NA,NA,NA,NA,0,0,0,0,0,0,79656,NA,NA,0,0,NA,NA,NA,NA,100,"NotFound",NA,-300,"New","NotFound",166,NA,492,600,NA,NA,"",NA,NA,NA,"","New","NotFound","Android","chrome 56.0 for android",32,"1280x720","match_status:2",TRUE,FALSE,TRUE,TRUE,"mobile","Z970"
2987188,0,89545,24,19.82,"AD",312,73,NA,174,12866,303,150,"visa",226,"debit","","",2,13,0,3,0,1,0,13,0,104,6,0,201,2,94,94,NA,NA,NA,NA,NA,81,0,NA,NA,NA,NA,NA,591,NA,NA,NA,"",NA,NA,NA,NA,NA,67,0,30,0,0,-5,15464,0,0,4,-44,6,-55,0,0,100,"Found",55,-300,"Found","Found",166,13,122,256,252,14,"IP_PROXY:TRANSPARENT",11,321,102,"Found","Found","Found","Android","chrome 62.0",32,"2560x1440","match_status:2",TRUE,FALSE,TRUE,TRUE,"mobile",""
2987189,0,89561,24,95.18234,"LY",NA,NA,NA,317,8755,500,185,"mastercard",224,"credit","Google","Google",1,1,0,1,0,1,1,1,0,1,1,1,1,1,0,NA,NA,0,NA,0,NA,NA,NA,0,NA,0,0,0,0,NA,NA,NA,"M0",NA,NA,NA,NA,NA,0,0,0,0,0,-5,363527,NA,NA,0,0,NA,NA,NA,NA,100,"NotFound",52,NA,"New","NotFound",225,NA,427,507,NA,NA,"",NA,NA,NA,"","New","NotFound","","firefox 57.0",NA,"","",FALSE,FALSE,TRUE,TRUE,"desktop","Windows"
2987192,0,89600,24,9.83012,"LY",NA,NA,NA,73,3154,408,185,"mastercard",224,"debit","Others","Others",1,1,0,1,0,1,1,1,0,1,1,1,1,1,0,NA,NA,0,NA,0,NA,NA,NA,0,NA,0,0,0,0,NA,NA,NA,"M2",NA,NA,NA,NA,NA,0,0,0,0,0,-5,302597,NA,NA,0,0,NA,NA,NA,NA,100,"NotFound",52,NA,"New","NotFound",225,NA,266,507,NA,NA,"",NA,NA,NA,"","New","NotFound","","firefox 57.0",NA,"","",FALSE,FALSE,TRUE,TRUE,"desktop","Windows"
2987198,0,89663,24,24.8,"TP",307,73,NA,NA,2884,490,150,"visa",226,"debit","Google","",1,1,0,0,0,1,0,1,0,1,1,0,1,1,0,NA,NA,NA,NA,NA,NA,NA,NA,NA,NA,NA,NA,NA,NA,NA,NA,NA,"",NA,NA,NA,NA,NA,0,0,0,0,0,0,49347,NA,NA,0,0,NA,NA,NA,NA,100,"NotFound",NA,-300,"New","NotFound",166,15,100,549,NA,NA,"",NA,NA,NA,"","New","NotFound","iOS","mobile safari 11.0",32,"2048x1536","match_status:1",TRUE,FALSE,TRUE,TRUE,"mobile","iOS Device"
2987199,0,89665,24,32.1953,"LY",NA,NA,NA,NA,15885,545,185,"visa",138,"debit","Microsoft","Microsoft",2,4,0,1,0,1,1,4,0,3,1,1,4,2,0,NA,NA,398,48,398,48,NA,NA,0,NA,398,0,0,363,NA,NA,NA,"M2",NA,NA,NA,NA,NA,0,0,0,0,0,-20,146516,NA,NA,0,0,NA,NA,NA,NA,100,"NotFound",49,NA,"Unknown","",225,NA,266,507,NA,NA,"",NA,NA,NA,"","New","NotFound","","mobile safari 11.0",NA,"","",FALSE,FALSE,FALSE,TRUE,"mobile",""
2987207,0,89828,24,41.4,"TP",281,73,NA,NA,6019,583,150,"visa",226,"credit","Yahoo","",1,1,0,0,0,1,0,1,0,1,1,0,1,1,0,NA,NA,NA,NA,NA,NA,NA,NA,NA,NA,NA,NA,NA,NA,NA,NA,NA,"",NA,NA,NA,NA,NA,0,0,0,0,0,-5,84798,NA,NA,4,0,NA,NA,NA,NA,100,"NotFound",49,-480,"New","NotFound",166,NA,529,222,NA,NA,"",NA,NA,NA,"","New","NotFound","iOS","mobile safari 11.0",32,"2001x1125","match_status:1",TRUE,FALSE,FALSE,TRUE,"mobile","iOS Device"
2987209,0,89836,24,36.40838,"LY",NA,NA,NA,4,10876,104,185,"visa",137,"credit","Others","Others",2,2,0,1,0,1,1,1,0,2,2,2,2,2,0,NA,NA,24,24,24,24,549,0,0,NA,24,24,0,0,NA,NA,NA,"M0",NA,NA,NA,NA,NA,0,0,0,0,0,-5,86577,0,0,6,0,NA,NA,0,0,100,"NotFound",52,NA,"Found","Found",225,NA,266,507,NA,NA,"",NA,NA,NA,"","Found","Found","","chrome 62.0",NA,"","",FALSE,FALSE,TRUE,TRUE,"desktop","Windows"
2987211,0,89840,24,24.8,"TP",246,73,NA,NA,6019,583,150,"visa",226,"credit","Google","",1,1,0,0,0,1,0,1,0,1,1,0,1,1,0,NA,NA,NA,NA,NA,NA,140,0,NA,NA,NA,NA,NA,NA,NA,NA,NA,"",NA,NA,NA,NA,NA,0,0,0,0,0,0,163246,0,0,0,0,NA,NA,0,0,100,"NotFound",NA,-360,"Found","Found",166,NA,548,214,NA,NA,"",NA,NA,NA,"","Found","Found","Android","chrome 62.0 for android",32,"","match_status:2",TRUE,FALSE,TRUE,TRUE,"mobile","SM-N920V Build/NRD90M"
2987236,0,90149,25,49.7,"TP",307,73,NA,NA,10023,111,150,"visa",226,"debit","Yahoo","Google",1,1,0,1,0,1,0,1,0,1,1,0,1,1,0,NA,NA,NA,NA,NA,NA,NA,NA,NA,NA,NA,NA,NA,NA,NA,NA,NA,"",NA,NA,NA,NA,NA,0,0,0,0,0,-5,52546,NA,NA,0,0,NA,NA,NA,NA,100,"NotFound",49,-300,"New","NotFound",166,NA,390,549,NA,NA,"",NA,NA,NA,"","New","NotFound","iOS","mobile safari 11.0",32,"2208x1242","match_status:1",TRUE,FALSE,FALSE,TRUE,"mobile","iOS Device"
2987240,1,90193,25,61.48268,"LY",NA,NA,NA,NA,13413,103,185,"visa",137,"credit","Microsoft","Microsoft",0,1,0,1,0,1,1,1,0,1,1,1,0,0,0,NA,NA,0,NA,0,NA,45.04166412,0.041666001,0,NA,0,0,0,0,NA,NA,NA,"M2",NA,NA,NA,NA,NA,0,0,0,0,0,0,169947,0,0,3,0,NA,NA,0,0,100,"NotFound",NA,NA,"Found","Found",225,NA,266,325,NA,NA,"",NA,NA,NA,"","Found","Found","","chrome 54.0 for android",NA,"","",FALSE,FALSE,TRUE,TRUE,"mobile","Redmi Note 4 Build/MMB29M"
2987243,1,90246,25,61.48268,"LY",NA,NA,NA,NA,13413,103,185,"visa",137,"credit","Microsoft","Microsoft",1,1,0,1,0,1,1,1,0,1,1,1,0,0,0,NA,NA,0,0,0,0,45.04166412,0.041666001,0,NA,0,0,0,0,NA,NA,NA,"M2",NA,NA,NA,NA,NA,0,0,0,0,0,0,222455,0,0,0,0,NA,NA,0,0,100,"NotFound",43,NA,"Found","Found",225,NA,266,325,NA,NA,"",NA,NA,NA,"","Found","Found","","chrome 54.0 for android",NA,"","",FALSE,FALSE,TRUE,TRUE,"mobile","Redmi Note 4 Build/MMB29M"
2987245,1,90295,25,61.48268,"LY",NA,NA,NA,NA,13413,103,185,"visa",137,"credit","Microsoft","Microsoft",2,1,0,1,0,1,1,1,0,1,1,1,0,0,0,NA,NA,0,0,0,0,45.04166412,0.041666001,0,NA,0,0,0,0,NA,NA,NA,"M2",NA,NA,NA,NA,NA,0,0,0,0,0,0,271870,0,0,3,0,NA,NA,0,0,100,"NotFound",43,NA,"Found","Found",225,NA,266,325,NA,NA,"",NA,NA,NA,"","Found","Found","","chrome 54.0 for android",NA,"","",FALSE,FALSE,TRUE,TRUE,"mobile","Redmi Note 4 Build/MMB29M"
2987252,0,90366,25,80.63908,"LY",NA,NA,NA,240,2115,415,185,"mastercard",195,"credit","Others","Others",1,2,0,1,0,1,1,1,0,1,1,1,1,1,0,0,0,0,0,0,0,0.041666001,0.041666001,0,NA,0,0,2,0,NA,NA,NA,"M0",NA,NA,NA,NA,NA,8.640600204,8.640600204,8.640600204,8.640600204,8.640600204,-5,133082,0,0,0,0,NA,NA,0,0,100,"NotFound",52,NA,"Found","Found",225,NA,266,325,NA,NA,"",NA,NA,NA,"","Found","Found","","chrome 62.0",NA,"","",FALSE,FALSE,TRUE,TRUE,"desktop","Windows"
2987259,0,90480,25,70.60936,"LY",NA,NA,NA,NA,16346,324,185,"visa",226,"credit","Microsoft","Microsoft",2,44,0,1,0,1,1,49,0,31,4,4,30,2,339,233,25,338,11,338,11,NA,NA,0,NA,338,0,NA,338,NA,NA,NA,"M2",NA,NA,NA,NA,NA,0,0,0,0,0,-20,87090,NA,NA,21,-33,NA,NA,NA,NA,100,"NotFound",49,NA,"Unknown","",225,15,417,507,NA,NA,"",NA,NA,NA,"","New","NotFound","","mobile safari 11.0",NA,"","",FALSE,FALSE,FALSE,TRUE,"mobile",""
2987262,0,90504,25,92.57614,"LY",NA,NA,NA,70,9300,103,185,"visa",138,"debit","Others","Others",1,1,0,1,0,1,1,1,0,0,1,1,1,1,0,NA,NA,0,NA,0,NA,NA,NA,0,NA,0,0,NA,0,NA,NA,NA,"M0",NA,NA,NA,NA,NA,0,0,0,0,0,-5,547674,NA,NA,7,-29,NA,NA,NA,NA,100,"NotFound",52,NA,"New","NotFound",225,15,266,507,NA,NA,"",NA,NA,NA,"","New","NotFound","","chrome 62.0",NA,"","",FALSE,FALSE,TRUE,TRUE,"desktop","Windows"
2987265,0,90581,25,82.9,"TP",105,73,NA,NA,17400,174,150,"visa",226,"debit","Apple","Apple",1,1,0,1,0,1,0,1,0,1,1,0,0,0,0,NA,NA,NA,NA,NA,NA,NA,NA,NA,NA,NA,NA,NA,NA,NA,NA,NA,"",NA,NA,NA,NA,NA,0,0,0,0,0,0,34648,NA,NA,0,0,NA,NA,NA,NA,100,"NotFound",NA,-300,"New","NotFound",166,NA,410,256,NA,NA,"",NA,NA,NA,"","New","NotFound","iOS","mobile safari 11.0",32,"2048x1536","match_status:1",TRUE,FALSE,TRUE,TRUE,"mobile","iOS Device"
2987266,0,90581,25,80.53948,"LY",NA,NA,NA,2,4461,375,185,"mastercard",224,"debit","Microsoft","Microsoft",1,1,0,1,0,1,1,1,0,1,1,1,1,1,0,NA,NA,0,NA,0,NA,NA,NA,0,NA,0,0,0,0,NA,NA,NA,"M2",NA,NA,NA,NA,NA,0,0,0,0,0,-5,235745,NA,NA,0,0,NA,NA,NA,NA,100,"NotFound",52,NA,"Found","NotFound",225,NA,427,223,NA,NA,"",NA,NA,NA,"","Found","NotFound","","chrome 62.0",NA,"","",FALSE,FALSE,TRUE,TRUE,"desktop","Windows"
2987270,0,90630,25,82.9,"TP",105,73,NA,NA,17400,174,150,"visa",226,"debit","Apple","Apple",1,1,0,1,0,1,0,1,0,1,1,0,1,1,0,NA,NA,NA,NA,NA,NA,0.041666001,0.041666001,NA,NA,NA,NA,NA,NA,NA,NA,NA,"",NA,NA,NA,NA,NA,0,0,0,0,0,0,42969,0,0,0,0,NA,NA,0,0,100,"Found",NA,-300,"Found","Found",166,NA,410,256,NA,NA,"",NA,NA,NA,"","Found","Found","iOS","mobile safari 11.0",32,"2048x1536","match_status:1",TRUE,FALSE,TRUE,TRUE,"mobile","iOS Device"
2987273,0,90655,25,331.9,"TP",281,73,NA,NA,15063,514,150,"visa",226,"credit","Google","",1,1,0,0,0,1,0,1,0,1,1,0,1,1,0,NA,NA,0,NA,NA,NA,NA,NA,0,NA,NA,NA,0,NA,NA,NA,NA,"",NA,NA,NA,NA,NA,0,0,0,0,0,-5,67018,NA,NA,0,-1,NA,NA,NA,NA,100,"NotFound",49,-480,"New","NotFound",166,NA,312,222,NA,NA,"",NA,NA,NA,"","New","NotFound","iOS","mobile safari 11.0",32,"2048x1536","match_status:1",TRUE,FALSE,FALSE,TRUE,"mobile","iOS Device"
2987275,0,90723,25,41.4,"TP",281,73,NA,NA,1724,583,150,"visa",226,"credit","Google","",1,1,0,0,0,1,0,1,0,1,1,0,1,1,0,NA,NA,NA,NA,NA,NA,108.0416641,0.041666001,NA,NA,NA,NA,NA,NA,NA,NA,NA,"",NA,NA,NA,NA,NA,0,0,0,0,0,0,95044,0,0,0,0,NA,NA,0,0,100,"NotFound",NA,-300,"Found","Found",166,NA,529,549,NA,NA,"",NA,NA,NA,"","Found","Found","Mac","chrome",24,"1440x900","match_status:2",TRUE,TRUE,TRUE,TRUE,"desktop","MacOS"
2987287,0,90973,25,41.42324,"LY",NA,NA,NA,7,7794,266,185,"mastercard",102,"credit","Google","Google",1,1,0,1,0,1,1,1,0,1,1,1,1,1,0,NA,NA,0,NA,0,NA,NA,NA,0,NA,0,0,0,0,NA,NA,NA,"M0",NA,NA,NA,NA,NA,0,0,0,0,0,0,170760,NA,NA,0,0,NA,NA,NA,NA,100,"NotFound",NA,NA,"New","NotFound",225,NA,266,507,NA,NA,"",NA,NA,NA,"","New","NotFound","","safari generic",NA,"","",FALSE,FALSE,TRUE,TRUE,"desktop",""
2987288,1,90986,25,258.06486,"LY",NA,NA,NA,NA,16578,545,185,"visa",226,"credit","Microsoft","Microsoft",1,1,0,1,0,1,1,1,0,1,1,1,0,0,0,NA,NA,0,NA,0,NA,NA,NA,0,NA,0,0,0,0,NA,NA,NA,"M2",NA,NA,NA,NA,NA,0,0,0,0,0,-20,258138,NA,NA,0,-1,NA,NA,NA,NA,100,"NotFound",49,NA,"Unknown","",225,NA,290,401,NA,NA,"",NA,NA,NA,"","New","NotFound","","chrome 62.0 for ios",NA,"","",FALSE,FALSE,FALSE,FALSE,"mobile",""
2987301,0,91188,25,34.6023,"LY",NA,NA,NA,NA,9633,296,185,"visa",138,"debit","Microsoft","Microsoft",1,1,0,1,0,1,1,1,0,1,1,1,1,1,0,NA,NA,0,NA,0,NA,111.0416641,0.041666001,0,NA,0,0,0,0,NA,NA,NA,"M2",NA,NA,NA,NA,NA,0,0,0,0,0,-15,104992,0,0,0,0,NA,NA,0,0,100,"NotFound",20,NA,"Found","Found",225,NA,153,325,NA,NA,"",NA,NA,NA,"","Found","Found","","chrome 62.0 for android",NA,"","",FALSE,FALSE,TRUE,TRUE,"mobile","Lenovo PB1-750M Build/S100"
2987327,0,91614,25,207.4,"TP",246,73,NA,NA,16659,170,150,"visa",226,"credit","Google","",1,1,0,0,0,1,0,1,0,1,1,0,1,1,0,NA,NA,NA,NA,NA,NA,3.041666031,0.041666001,NA,NA,NA,NA,NA,NA,NA,NA,NA,"",NA,NA,NA,NA,NA,0,0,0,0,0,-5,91167,NA,NA,0,0,NA,NA,0,0,96.19000244,"NotFound",52,-360,"New","NotFound",166,NA,454,214,NA,NA,"",NA,NA,NA,"","Found","Found","Windows","chrome 62.0",24,"1366x768","",TRUE,FALSE,TRUE,TRUE,"desktop","Windows"
2987328,0,91684,25,27.88262,"LY",NA,NA,NA,7,3154,408,185,"mastercard",224,"debit","Google","Google",1,2,0,1,0,1,1,1,0,1,2,2,2,1,19,19,18,18,18,18,18,19.04166603,0.041666001,0,NA,18,18,18,0,NA,NA,NA,"M0",NA,NA,NA,NA,NA,16.85720062,0,0,16.85720062,16.85720062,-5,214916,0,0,0,0,NA,NA,0,0,100,"NotFound",52,NA,"Found","Found",225,NA,176,507,NA,NA,"",NA,NA,NA,"","Found","Found","","chrome 62.0",NA,"","",FALSE,FALSE,TRUE,TRUE,"desktop","Windows"
2987332,0,91758,25,165.9,"WF",233,73,NA,NA,9500,321,150,"visa",226,"debit","Google","Others",1,1,0,1,0,1,0,1,0,1,1,0,0,0,0,NA,NA,NA,NA,NA,NA,NA,NA,NA,NA,NA,NA,NA,NA,NA,NA,NA,"",NA,NA,NA,NA,NA,0,0,0,0,0,-5,88570,NA,NA,1,0,NA,NA,NA,NA,100,"NotFound",49,-360,"New","NotFound",166,NA,633,215,NA,NA,"",NA,NA,NA,"","New","NotFound","iOS","mobile safari generic",32,"2208x1242","match_status:2",TRUE,FALSE,TRUE,FALSE,"mobile","iOS Device"
2987336,0,91824,25,165.9,"WF",233,73,NA,NA,9500,321,150,"visa",226,"debit","Google","Others",1,1,0,1,0,1,0,1,0,1,1,0,0,0,0,NA,NA,NA,NA,NA,NA,0.041666001,0.041666001,NA,NA,NA,NA,NA,NA,NA,NA,NA,"",NA,NA,NA,NA,NA,0,0,0,0,0,-5,155564,0,0,1,0,NA,NA,0,0,100,"Found",49,-360,"Found","Found",166,NA,633,215,NA,NA,"",NA,NA,NA,"","Found","Found","iOS","mobile safari generic",32,"2208x1242","match_status:2",TRUE,FALSE,TRUE,FALSE,"mobile","iOS Device"
2987338,0,91884,25,165.9,"WF",233,73,NA,NA,9500,321,150,"visa",226,"debit","Google","Others",1,1,0,1,0,1,0,1,0,1,1,0,0,0,0,NA,NA,NA,NA,NA,NA,0.041666001,0.041666001,NA,NA,NA,NA,NA,NA,NA,NA,NA,"",NA,NA,NA,NA,NA,0,0,0,0,0,-5,214994,0,0,1,0,NA,NA,0,0,100,"Found",49,-360,"Found","Found",166,NA,633,215,NA,NA,"",NA,NA,NA,"","Found","Found","iOS","mobile safari generic",32,"2208x1242","match_status:2",TRUE,FALSE,TRUE,FALSE,"mobile","iOS Device"
2987352,0,92117,25,44.63202,"LY",NA,NA,NA,NA,10568,204,185,"visa",226,"credit","Google","Google",0,1,0,1,0,1,1,1,0,1,1,1,1,0,0,NA,NA,0,NA,0,NA,NA,NA,0,NA,0,0,50,0,NA,NA,NA,"M2",NA,NA,NA,NA,NA,0,0,0,0,0,0,163133,NA,NA,0,0,NA,NA,NA,NA,100,"NotFound",NA,NA,"New","NotFound",225,NA,290,401,NA,NA,"",NA,NA,NA,"","New","NotFound","","chrome 62.0 for android",NA,"","",FALSE,FALSE,TRUE,TRUE,"mobile","LT22i Build/6.2.A.1.100"
2987361,0,92222,25,829.9,"WF",309,73,NA,NA,3869,399,150,"american express",150,"credit","Others","Others",1,1,0,1,0,1,0,1,0,1,1,0,1,1,0,NA,NA,NA,NA,NA,NA,866.041687,0.041666001,NA,NA,NA,NA,NA,NA,NA,NA,NA,"",NA,NA,NA,NA,NA,0,0,0,0,0,-5,153524,0,0,0,0,NA,NA,0,0,100,"Found",49,-300,"Found","Found",166,NA,215,484,NA,NA,"",NA,NA,NA,"","Found","Found","Mac","safari generic",24,"1440x900","match_status:2",TRUE,FALSE,TRUE,FALSE,"desktop","MacOS"
2987366,0,92320,25,33.1,"AD",312,73,NA,99,16347,225,150,"mastercard",224,"debit","","Microsoft",10,8,0,4,0,1,0,12,0,15,6,0,24,9,17,17,NA,NA,NA,55,16,17.04166603,0.041666001,NA,NA,NA,NA,NA,280,NA,NA,NA,"",NA,NA,NA,NA,NA,20,0,0,20,20,0,6300,0,0,0,-8,NA,NA,0,0,100,"Found",NA,-300,"Found","Found",166,15,100,533,NA,NA,"",NA,NA,NA,"","Found","Found","iOS","mobile safari 11.0",32,"2048x1536","match_status:1",TRUE,FALSE,TRUE,TRUE,"mobile","iOS Device"
2987367,1,92350,25,373.4,"WF",454,73,NA,NA,4425,562,150,"mastercard",197,"credit","Google","Google",7,6,0,1,0,1,0,3,0,3,5,0,0,0,0,NA,NA,NA,NA,NA,NA,1.041666031,0.041666001,NA,NA,NA,NA,386,NA,NA,NA,NA,"",NA,NA,NA,NA,NA,0,0,0,0,0,-5,141271,NA,NA,9,-81,NA,NA,0,0,97.54000092,"NotFound",52,-300,"New","NotFound",166,13,121,333,NA,NA,"",NA,NA,NA,"","Found","Found","Windows","firefox",24,"1440x900","match_status:2",TRUE,FALSE,TRUE,FALSE,"desktop","rv:52.0"
2987380,0,92594,25,47.44074,"LY",NA,NA,NA,NA,15885,545,185,"visa",138,"debit","Microsoft","Microsoft",1,1,0,1,0,1,1,1,0,1,1,1,1,1,0,NA,NA,0,NA,0,NA,NA,NA,0,NA,0,0,301,0,NA,NA,NA,"M2",NA,NA,NA,NA,NA,0,0,0,0,0,-20,324495,NA,NA,0,-5,NA,NA,NA,NA,100,"NotFound",49,NA,"Unknown","",225,NA,254,507,NA,NA,"",NA,NA,NA,"","New","NotFound","","mobile safari 11.0",NA,"","",FALSE,FALSE,FALSE,TRUE,"mobile",""
2987384,0,92627,25,95.88452,"LY",NA,NA,NA,0,10876,104,185,"visa",137,"credit","Microsoft","Microsoft",1,1,0,1,0,1,1,1,0,1,1,1,1,1,0,NA,NA,0,NA,0,NA,NA,NA,0,NA,0,0,0,0,NA,NA,NA,"M0",NA,NA,NA,NA,NA,0,0,0,0,0,-5,561432,NA,NA,0,0,NA,NA,NA,NA,100,"NotFound",52,NA,"New","NotFound",225,NA,266,122,NA,NA,"",NA,NA,NA,"","New","NotFound","","chrome 62.0",NA,"","",FALSE,FALSE,TRUE,TRUE,"desktop",""
2987387,0,92653,25,66.3,"TP",297,73,NA,NA,2803,100,150,"visa",226,"debit","Google","",1,1,0,0,0,1,0,1,0,1,1,0,1,1,0,NA,NA,NA,NA,NA,NA,NA,NA,NA,NA,NA,NA,NA,NA,NA,NA,NA,"",NA,NA,NA,NA,NA,0,0,0,0,0,0,68658,NA,NA,0,0,NA,NA,NA,NA,100,"NotFound",NA,-360,"New","NotFound",166,NA,542,333,NA,NA,"",NA,NA,NA,"","New","NotFound","Android","chrome 62.0 for android",32,"2672x1440","match_status:2",TRUE,FALSE,TRUE,TRUE,"mobile","LG-H872 Build/NRD90U"
2987389,0,92674,25,248.9,"TP",474,73,NA,NA,3821,111,150,"mastercard",219,"credit","Yahoo","Google",1,1,0,1,0,1,0,1,0,1,1,0,1,1,0,NA,NA,NA,NA,NA,NA,NA,NA,NA,NA,NA,NA,NA,NA,NA,NA,NA,"",NA,NA,NA,NA,NA,0,0,0,0,0,0,67872,NA,NA,0,0,NA,NA,NA,NA,100,"NotFound",NA,-420,"New","NotFound",166,NA,548,350,NA,NA,"",NA,NA,NA,"","New","NotFound","Mac","safari generic",24,"1440x900","match_status:2",TRUE,FALSE,TRUE,TRUE,"desktop","MacOS"
2987390,0,92701,25,33.1,"TP",319,73,NA,NA,3682,264,150,"visa",162,"credit","Microsoft","",1,1,0,0,0,1,0,1,0,1,1,0,1,1,0,NA,NA,NA,NA,NA,NA,385.0416565,0.041666001,NA,NA,NA,NA,NA,NA,NA,NA,NA,"",NA,NA,NA,NA,NA,0,0,0,0,0,0,60309,0,0,0,0,NA,NA,0,0,100,"NotFound",NA,-300,"Found","Found",166,13,100,500,NA,NA,"",NA,NA,NA,"","Found","Found","Mac","safari generic",24,"1280x800","match_status:2",TRUE,TRUE,TRUE,TRUE,"desktop","MacOS"
2987405,1,92999,25,150.2462,"LY",NA,NA,NA,NA,4504,500,185,"mastercard",219,"credit","Google","Google",1,1,0,1,0,1,1,1,0,0,1,1,1,1,0,NA,NA,0,NA,0,NA,NA,NA,0,NA,0,0,NA,0,NA,NA,NA,"M2",NA,NA,NA,NA,NA,0,0,0,0,0,-20,550210,NA,NA,0,-1,NA,NA,NA,NA,100,"NotFound",49,NA,"Unknown","",225,NA,176,507,NA,NA,"",NA,NA,NA,"","New","NotFound","","mobile safari 11.0",NA,"","",FALSE,FALSE,FALSE,TRUE,"mobile",""
2987406,0,93009,25,82.9,"TP",213,73,NA,NA,16751,111,150,"visa",226,"debit","Yahoo","",1,1,0,0,0,1,0,1,0,1,1,0,0,0,0,NA,NA,NA,NA,NA,NA,NA,NA,NA,NA,NA,NA,NA,NA,NA,NA,NA,"",NA,NA,NA,NA,NA,0,0,0,0,0,-5,117984,NA,NA,0,0,NA,NA,NA,NA,100,"NotFound",49,-300,"New","NotFound",166,15,215,107,NA,NA,"",NA,NA,NA,"","New","NotFound","iOS","mobile safari 10.0",32,"2208x1242","match_status:1",TRUE,FALSE,FALSE,TRUE,"mobile","iOS Device"
2987412,0,93102,25,58.07304,"LY",NA,NA,NA,7,5812,408,185,"mastercard",224,"debit","Google","Google",2,2,0,2,0,2,2,1,0,2,2,2,2,2,0,NA,NA,0,NA,0,NA,21.04166603,0.041666001,0,NA,0,21,0,0,NA,NA,NA,"M0",NA,NA,NA,NA,NA,0,0,0,0,0,-5,501809,0,0,0,0,NA,NA,0,0,100,"NotFound",52,NA,"Found","Found",225,NA,427,507,NA,NA,"",NA,NA,NA,"","Found","Found","","chrome 62.0",NA,"","",FALSE,FALSE,TRUE,TRUE,"desktop","Windows"
2987416,0,93218,25,58,"TP",246,73,NA,NA,11920,583,150,"visa",226,"credit","Microsoft","",1,1,0,0,0,1,0,1,0,1,1,0,1,1,0,NA,NA,NA,NA,NA,NA,NA,NA,NA,NA,NA,NA,0,NA,NA,NA,NA,"",NA,NA,NA,NA,NA,0,0,0,0,0,-5,90838,NA,NA,18,-24,NA,NA,NA,NA,100,"NotFound",49,-360,"New","NotFound",166,15,122,214,NA,NA,"",NA,NA,NA,"","New","NotFound","iOS","mobile safari 10.0",32,"2048x1536","match_status:1",TRUE,FALSE,FALSE,TRUE,"mobile","iOS Device"
2987429,0,93654,26,12.33838,"LY",NA,NA,NA,425,9300,103,185,"visa",138,"debit","Google","Google",1,5,0,2,0,2,2,1,0,3,1,1,2,1,58,58,42,42,42,42,42,58.08333206,0.083333001,0,NA,42,58,0,58,NA,NA,NA,"M0",NA,NA,NA,NA,NA,0,0,0,0,0,-5,322536,0,0,0,0,NA,NA,0,0,100,"NotFound",52,NA,"Found","Found",225,NA,266,417,NA,NA,"",NA,NA,NA,"","Found","Found","","chrome 62.0",NA,"","",FALSE,FALSE,TRUE,TRUE,"desktop","Windows"
2987434,0,93677,26,82.9,"TP",246,73,NA,NA,4097,321,150,"visa",226,"debit","Microsoft","",2,1,0,0,0,1,0,1,0,1,1,0,2,2,0,NA,NA,NA,NA,NA,NA,0.083333001,0.083333001,NA,NA,NA,NA,0,NA,NA,NA,NA,"",NA,NA,NA,NA,NA,0,0,0,0,0,-5,78419,0,0,17,-24,NA,NA,0,0,100,"Found",49,-360,"Found","Found",166,15,122,214,NA,NA,"",NA,NA,NA,"","Found","Found","iOS","mobile safari 10.0",32,"2048x1536","match_status:1",TRUE,FALSE,FALSE,TRUE,"mobile","iOS Device"
2987437,0,93706,26,165.9,"TP",297,73,NA,NA,6019,583,150,"visa",226,"credit","Google","",1,1,0,0,0,1,0,1,0,1,1,0,1,1,0,NA,NA,NA,NA,NA,NA,NA,NA,NA,NA,NA,NA,NA,NA,NA,NA,NA,"",NA,NA,NA,NA,NA,0,0,0,0,0,-5,44192,NA,NA,1,0,NA,NA,NA,NA,100,"NotFound",49,-360,"New","NotFound",166,NA,193,333,NA,NA,"",NA,NA,NA,"","New","NotFound","iOS","mobile safari 11.0",32,"2048x1536","match_status:1",TRUE,FALSE,FALSE,TRUE,"mobile","iOS Device"
2987438,0,93706,26,20.36116,"LY",NA,NA,NA,NA,15885,545,185,"visa",138,"debit","Microsoft","Microsoft",1,1,0,1,0,1,1,1,0,1,1,1,1,1,0,NA,NA,0,NA,0,NA,NA,NA,0,NA,0,0,337,0,NA,NA,NA,"M2",NA,NA,NA,NA,NA,0,0,0,0,0,0,218932,NA,NA,-1,-10,NA,NA,NA,NA,100,"NotFound",20,NA,"New","NotFound",225,20,345,507,NA,NA,"",NA,NA,NA,"","New","NotFound","","mobile safari generic",NA,"","",FALSE,FALSE,TRUE,TRUE,"mobile",""
2987446,0,93854,26,82.9,"WF",246,73,NA,21,13249,111,150,"visa",226,"debit","AT&T","AT&T",1,1,0,1,0,1,0,2,0,1,1,0,2,1,47,47,NA,46,46,46,46,10.08333302,0.083333001,46,NA,NA,NA,46,46,NA,NA,NA,"",NA,NA,NA,NA,NA,0,0,0,0,0,-5,147093,NA,NA,0,0,NA,NA,0,0,96.43000031,"Found",52,-360,"New","NotFound",166,13,312,214,NA,NA,"",NA,NA,NA,"","Found","Found","Windows","edge 15.0",24,"1920x1080","match_status:0",TRUE,FALSE,TRUE,TRUE,"desktop","Windows"
2987449,0,93882,26,331.9,"TP",307,73,NA,NA,5734,361,150,"visa",226,"debit","Google","",1,1,0,0,0,1,0,1,0,1,1,0,1,1,0,NA,NA,NA,NA,NA,NA,NA,NA,NA,NA,NA,NA,NA,NA,NA,NA,NA,"",NA,NA,NA,NA,NA,0,0,0,0,0,0,60826,NA,NA,0,0,NA,NA,NA,NA,100,"NotFound",NA,-300,"New","NotFound",166,13,100,549,NA,NA,"",NA,NA,NA,"","New","NotFound","iOS","mobile safari 11.0",32,"1334x750","match_status:1",TRUE,FALSE,TRUE,TRUE,"mobile","iOS Device"
2987456,0,94038,26,11.93666,"LY",NA,NA,NA,NA,4461,375,185,"mastercard",224,"debit","Microsoft","Microsoft",3,9,0,4,0,4,4,3,0,8,4,4,4,2,368,368,238,348,102,348,102,397.0833435,0.083333001,0,NA,348,367,87,367,NA,NA,NA,"M2",NA,NA,NA,NA,NA,0,0,0,0,0,0,174602,0,0,0,0,NA,NA,0,0,100,"NotFound",20,NA,"Found","Found",225,NA,417,507,NA,NA,"",NA,NA,NA,"","Found","Found","","chrome 61.0 for android",NA,"","",FALSE,FALSE,TRUE,TRUE,"mobile","SM-J700M Build/MMB29K"
2987457,0,94049,26,82.9,"TP",494,73,NA,NA,3682,264,150,"visa",162,"credit","Others","",1,1,0,0,0,1,0,1,0,1,1,0,1,1,0,NA,NA,NA,NA,NA,NA,NA,NA,NA,NA,NA,NA,NA,NA,NA,NA,NA,"",NA,NA,NA,NA,NA,0,0,0,0,0,0,73356,NA,NA,0,0,NA,NA,NA,NA,100,"NotFound",NA,-480,"Found","NotFound",166,NA,542,177,NA,NA,"",NA,NA,NA,"","Found","NotFound","Windows","ie 11.0 for desktop",24,"1920x1080","match_status:2",TRUE,TRUE,TRUE,TRUE,"desktop","Trident/7.0"
2987461,0,94083,26,11.52,"AD",281,73,NA,2527,10616,583,150,"visa",226,"credit","","Google",5,7,0,1,0,0,0,10,0,14,3,0,79,5,352,352,3,NA,NA,566,3,47.08333206,0.083333001,NA,NA,NA,47,164,566,NA,NA,NA,"",NA,NA,NA,NA,NA,270,0,22,0,0,0,54951,0,0,0,0,NA,NA,0,0,100,"Found",NA,-480,"Found","Found",166,NA,542,222,NA,NA,"",NA,NA,NA,"","Found","Found","Mac","firefox 57.0",24,"1440x900","match_status:2",TRUE,FALSE,TRUE,TRUE,"desktop","rv:57.0"
2987462,0,94085,26,248.9,"TP",92,73,NA,NA,7508,321,150,"visa",226,"debit","Microsoft","",1,1,0,0,0,1,0,1,0,1,1,0,0,0,0,NA,0,0,0,NA,NA,32.08333206,0.083333001,0,NA,NA,NA,NA,0,NA,NA,NA,"",NA,NA,NA,NA,NA,0,0,0,0,0,0,41532,0,0,0,-1,NA,NA,0,0,100,"Found",NA,-420,"Found","Found",166,NA,542,153,NA,NA,"",NA,NA,NA,"","Found","Found","Windows","edge 14.0",24,"1280x1024","match_status:2",TRUE,TRUE,TRUE,TRUE,"desktop","Windows"
2987465,0,94178,26,26.97958,"LY",NA,NA,NA,NA,15885,545,185,"visa",138,"debit","Google","Google",1,2,0,1,0,1,1,2,0,2,1,1,2,1,1,1,1,1,1,1,1,NA,NA,0,NA,1,0,0,1,NA,NA,NA,"M2",NA,NA,NA,NA,NA,16.31340027,0,16.31340027,16.31340027,16.31340027,-20,207020,NA,NA,NA,NA,NA,NA,NA,NA,100,"NotFound",49,NA,"Unknown","",225,NA,266,638,NA,NA,"",NA,NA,NA,"","New","NotFound","","mobile safari 11.0",NA,"","",FALSE,FALSE,FALSE,TRUE,"mobile",""
2987466,0,94196,26,82.9,"WF",319,73,NA,NA,2803,100,150,"visa",226,"debit","Yahoo","Google",1,1,0,1,0,1,0,1,0,1,1,0,1,1,0,NA,NA,NA,NA,NA,NA,NA,NA,NA,NA,NA,NA,NA,NA,NA,NA,NA,"",NA,NA,NA,NA,NA,0,0,0,0,0,-5,83002,NA,NA,0,0,NA,NA,NA,NA,100,"NotFound",49,-300,"New","NotFound",166,NA,100,500,NA,NA,"",NA,NA,NA,"","New","NotFound","iOS","mobile safari 11.0",32,"1334x750","match_status:1",TRUE,FALSE,FALSE,FALSE,"mobile","iOS Device"
2987467,0,94209,26,124.4,"TP",297,73,NA,NA,3682,264,150,"visa",162,"credit","Yahoo","",1,1,0,0,0,1,0,1,0,1,1,0,1,1,0,NA,NA,NA,NA,NA,NA,NA,NA,NA,NA,NA,NA,0,NA,NA,NA,NA,"",NA,NA,NA,NA,NA,0,0,0,0,0,-40,36718,NA,NA,11,-10,NA,NA,NA,NA,100,"NotFound",18,-360,"New","NotFound",166,13,321,333,NA,NA,"",NA,NA,NA,"","New","NotFound","Android","samsung browser 6.2",32,"1920x1080","match_status:2",TRUE,FALSE,TRUE,TRUE,"mobile","SAMSUNG SM-G930T Build/NRD90M"
2987469,0,94220,26,66.3,"AD",312,73,NA,NA,15066,170,150,"mastercard",102,"credit","","Apple",2,1,0,1,0,0,0,3,0,1,1,0,4,2,21,21,NA,NA,NA,NA,NA,NA,NA,NA,NA,NA,NA,NA,NA,NA,NA,NA,"",NA,NA,NA,NA,NA,40,0,0,20,40,-5,4300,NA,NA,0,0,NA,NA,NA,NA,100,"Found",49,-300,"New","NotFound",166,NA,215,533,NA,NA,"",NA,NA,NA,"","New","NotFound","iOS","chrome 62.0 for ios",32,"2048x1536","match_status:2",TRUE,FALSE,FALSE,TRUE,"mobile","iOS Device"
2987482,0,94581,26,41.4,"TP",297,73,NA,NA,16873,343,150,"visa",226,"credit","Google","",1,1,0,0,0,1,0,1,0,1,1,0,1,1,0,NA,NA,NA,NA,NA,NA,13.08333302,0.083333001,NA,NA,NA,NA,NA,NA,NA,NA,NA,"",NA,NA,NA,NA,NA,0,0,0,0,0,-5,14099,NA,NA,0,0,NA,NA,0,0,98.31999969,"NotFound",52,-360,"New","NotFound",166,NA,542,333,NA,NA,"",NA,NA,NA,"","Found","Found","Windows","chrome 62.0",24,"1920x1080","match_status:2",TRUE,FALSE,TRUE,TRUE,"desktop","Windows"
2987485,0,94622,26,41.4,"TP",186,73,NA,NA,18092,583,150,"visa",226,"credit","Google","",1,1,0,0,0,1,0,1,0,1,1,0,0,0,0,NA,NA,NA,NA,NA,NA,NA,NA,NA,NA,NA,NA,NA,NA,NA,NA,NA,"",NA,NA,NA,NA,NA,0,0,0,0,0,-5,345819,NA,NA,8,-17,NA,NA,NA,NA,100,"NotFound",49,-300,"New","NotFound",166,15,197,368,NA,NA,"",NA,NA,NA,"","New","NotFound","Mac","safari generic",24,"1280x800","match_status:2",TRUE,FALSE,FALSE,TRUE,"desktop","MacOS"
2987488,0,94642,26,24.9743,"LY",NA,NA,NA,514,15885,545,185,"visa",138,"debit","Microsoft","Microsoft",3,18,0,2,0,2,2,9,0,7,5,5,16,3,298,298,43,289,43,289,43,290.0833435,0.083333001,0,NA,289,289,298,289,NA,NA,NA,"M2",NA,NA,NA,NA,NA,0,0,0,0,0,-5,282668,0,0,0,0,NA,NA,0,0,100,"NotFound",52,NA,"Found","Found",225,NA,607,561,NA,NA,"",NA,NA,NA,"","Found","Found","","chrome 62.0",NA,"","",FALSE,FALSE,TRUE,TRUE,"desktop","Windows"
2987489,0,94645,26,14.342,"LY",NA,NA,NA,NA,3154,408,185,"mastercard",224,"debit","Google","Google",1,1,0,1,0,1,1,1,0,1,1,1,1,1,0,NA,NA,0,NA,0,NA,NA,NA,0,NA,0,0,50,0,NA,NA,NA,"M2",NA,NA,NA,NA,NA,0,0,0,0,0,0,442736,NA,NA,1,0,NA,NA,NA,NA,100,"NotFound",NA,NA,"New","NotFound",225,NA,153,325,NA,NA,"",NA,NA,NA,"","New","NotFound","","chrome 62.0 for android",NA,"","",FALSE,FALSE,TRUE,TRUE,"mobile","Blade V6 Plus Build/MRA58K"
2987490,0,94716,26,165.9,"TP",246,73,NA,NA,6019,583,150,"visa",226,"credit","Yahoo","",1,1,0,0,0,1,0,1,0,1,1,0,1,1,0,NA,NA,NA,NA,NA,NA,NA,NA,NA,NA,NA,NA,0,NA,NA,NA,NA,"",NA,NA,NA,NA,NA,0,0,0,0,0,-5,39966,NA,NA,10,-10,NA,NA,NA,NA,100,"NotFound",49,-360,"New","NotFound",166,13,321,214,NA,NA,"",NA,NA,NA,"","New","NotFound","iOS","mobile safari 11.0",32,"2208x1242","match_status:1",TRUE,FALSE,FALSE,TRUE,"mobile","iOS Device"
2987505,0,94940,26,41.4,"TP",186,73,NA,NA,18092,583,150,"visa",226,"credit","Google","",1,1,0,0,0,1,0,1,0,1,1,0,1,1,0,NA,NA,NA,NA,NA,NA,0.083333001,0.083333001,NA,NA,NA,NA,NA,NA,NA,NA,NA,"",NA,NA,NA,NA,NA,0,0,0,0,0,-5,311150,0,0,8,-17,NA,NA,0,0,100,"Found",49,-300,"Found","Found",166,15,197,368,NA,NA,"",NA,NA,NA,"","Found","Found","Mac","safari generic",24,"1280x800","match_status:2",TRUE,FALSE,FALSE,TRUE,"desktop","MacOS"
2987508,0,95069,26,248.9,"TP",92,73,NA,NA,7508,321,150,"visa",226,"debit","Microsoft","",1,1,0,0,0,1,0,1,0,1,1,0,1,1,0,NA,0,0,0,NA,NA,32.08333206,0.083333001,0,NA,NA,NA,NA,0,NA,NA,NA,"",NA,NA,NA,NA,NA,0,0,0,0,0,0,980093,0,0,0,-1,NA,NA,0,0,100,"Found",NA,-420,"Found","Found",166,NA,542,153,NA,NA,"",NA,NA,NA,"","Found","Found","Windows","edge 14.0",24,"1280x1024","match_status:2",TRUE,TRUE,TRUE,TRUE,"desktop","Windows"
2987514,0,95253,26,414.9,"WF",458,73,NA,NA,9803,583,150,"visa",226,"credit","Yahoo","Yahoo",1,1,0,1,0,1,0,1,0,1,1,0,1,1,0,NA,NA,NA,NA,NA,NA,333.0833435,0.083333001,NA,NA,NA,NA,NA,NA,NA,NA,NA,"",NA,NA,NA,NA,NA,0,0,0,0,0,-5,76228,0,0,0,0,NA,NA,0,0,100,"NotFound",49,-300,"Found","Found",166,NA,215,278,NA,NA,"",NA,NA,NA,"","Found","Found","Mac","safari generic",24,"1280x800","match_status:2",TRUE,FALSE,TRUE,FALSE,"desktop","MacOS"
2987515,0,95287,26,58,"AD",312,73,NA,NA,10486,514,150,"mastercard",219,"credit","","Yahoo",1,1,1,1,0,0,0,1,0,2,2,0,2,1,361,361,NA,NA,NA,NA,NA,765.083313,0.083333001,NA,NA,NA,NA,NA,NA,NA,NA,NA,"",NA,NA,NA,NA,NA,0,0,0,0,0,0,85080,0,0,0,0,NA,NA,0,0,100,"NotFound",NA,-300,"Found","Found",166,15,100,533,NA,NA,"",NA,NA,NA,"","Found","Found","Windows","ie 11.0 for tablet",24,"1366x768","match_status:2",TRUE,TRUE,TRUE,TRUE,"desktop","Trident/7.0"
2987520,0,95366,26,290.4,"WF",402,73,NA,1107,7508,321,150,"visa",226,"debit","Google","Google",2,2,0,2,0,2,0,3,0,3,2,0,3,2,166,166,NA,NA,NA,NA,NA,NA,NA,NA,NA,NA,NA,NA,NA,NA,NA,NA,"",NA,NA,NA,NA,NA,0,0,0,0,0,-5,169335,NA,NA,0,0,NA,NA,NA,NA,100,"Found",49,-480,"New","NotFound",166,NA,492,144,NA,NA,"",NA,NA,NA,"","New","NotFound","iOS","mobile safari 9.0",32,"2048x1536","match_status:1",TRUE,FALSE,FALSE,TRUE,"mobile","iOS Device"
2987521,0,95400,26,9.86,"AD",185,73,NA,NA,13307,428,150,"visa",166,"debit","","Google",2,4,0,1,0,0,0,9,0,10,2,0,11,2,0,NA,NA,NA,NA,NA,NA,0.083333001,0.083333001,NA,NA,NA,NA,0,NA,NA,NA,NA,"",NA,NA,NA,NA,NA,0,0,0,0,0,0,4810,NA,NA,1,0,NA,NA,3,0,98.91000366,"NotFound",NA,-300,"New","NotFound",166,NA,410,181,NA,NA,"",NA,NA,NA,"","Found","Found","Android","chrome generic",32,"960x540","",TRUE,FALSE,TRUE,TRUE,"mobile","KYOCERA-C6742A Build/LMY47V"
2987523,0,95405,26,165.9,"TP",480,73,NA,NA,6019,583,150,"visa",226,"credit","Google","Google",1,1,0,1,0,1,0,1,0,1,1,0,0,0,0,NA,NA,NA,NA,NA,NA,62.08333206,0.083333001,NA,NA,NA,NA,NA,NA,NA,NA,NA,"",NA,NA,NA,NA,NA,0,0,0,0,0,0,34872,1,0,1,0,NA,NA,1,0,100,"NotFound",NA,-360,"Found","Found",166,NA,312,272,NA,NA,"",NA,NA,NA,"","Found","Found","iOS","mobile safari 11.0",32,"1334x750","match_status:1",TRUE,FALSE,TRUE,TRUE,"mobile","iOS Device"
2987524,0,95412,26,24.8,"TP",369,73,NA,NA,8528,215,150,"visa",226,"debit","Yahoo","",1,1,0,0,0,1,0,1,0,1,1,0,1,1,0,NA,NA,NA,NA,NA,NA,NA,NA,NA,NA,NA,NA,NA,NA,NA,NA,NA,"",NA,NA,NA,NA,NA,0,0,0,0,0,0,117061,NA,NA,0,0,NA,NA,NA,NA,100,"NotFound",NA,-360,"New","NotFound",166,NA,325,611,NA,NA,"",NA,NA,NA,"","New","NotFound","iOS","mobile safari 11.0",32,"1334x750","match_status:1",TRUE,FALSE,TRUE,TRUE,"mobile","iOS Device"
2987528,0,95456,26,165.9,"TP",309,73,NA,NA,14479,387,150,"visa",226,"credit","AOL","",1,1,0,0,0,1,0,1,0,1,1,0,1,1,0,NA,NA,NA,NA,NA,NA,NA,NA,NA,NA,NA,NA,NA,NA,NA,NA,NA,"",NA,NA,NA,NA,NA,0,0,0,0,0,0,118380,NA,NA,0,0,NA,NA,NA,NA,100,"NotFound",NA,-300,"New","NotFound",166,NA,312,484,NA,NA,"",NA,NA,NA,"","New","NotFound","iOS","mobile safari 11.0",32,"2048x1536","match_status:1",TRUE,FALSE,TRUE,TRUE,"mobile","iOS Device"
2987532,0,95588,26,124.4,"TP",104,73,NA,NA,7322,411,150,"visa",226,"debit","Microsoft","Microsoft",1,1,0,1,0,1,0,1,0,1,1,0,1,1,0,NA,NA,NA,NA,NA,NA,NA,NA,NA,NA,NA,NA,NA,NA,NA,NA,NA,"",NA,NA,NA,NA,NA,0,0,0,0,0,-5,67684,NA,NA,0,0,NA,NA,NA,NA,100,"NotFound",49,-540,"New","NotFound",166,NA,536,568,NA,NA,"",NA,NA,NA,"","New","NotFound","Mac","safari generic",24,"1440x900","match_status:2",TRUE,FALSE,FALSE,TRUE,"desktop","MacOS"
2987535,0,95738,26,66.89926,"LY",NA,NA,NA,353,16136,204,185,"visa",138,"debit","Google","Google",1,2,0,2,0,2,2,1,0,1,2,2,1,1,1,NA,0,0,NA,0,NA,NA,NA,0,NA,0,0,0,0,NA,NA,NA,"M2",NA,NA,NA,NA,NA,0,0,0,0,0,-5,379937,NA,NA,0,0,NA,NA,NA,NA,100,"NotFound",52,NA,"New","NotFound",225,NA,153,563,NA,NA,"",NA,NA,NA,"","New","NotFound","","chrome 62.0",NA,"","",FALSE,FALSE,TRUE,TRUE,"desktop","Windows"
2987543,0,95859,26,165.9,"TP",207,73,NA,NA,8034,555,150,"visa",226,"debit","Microsoft","",1,1,0,0,0,1,0,1,0,1,1,0,1,1,0,NA,NA,NA,NA,NA,NA,NA,NA,NA,NA,NA,NA,NA,NA,NA,NA,NA,"",NA,NA,NA,NA,NA,0,0,0,0,0,-5,150961,NA,NA,0,0,NA,NA,NA,NA,100,"NotFound",52,-420,"New","NotFound",166,NA,492,266,NA,NA,"",NA,NA,NA,"","New","NotFound","Windows","firefox 57.0",24,"1366x768","match_status:2",TRUE,FALSE,TRUE,TRUE,"desktop","Windows"
2987544,0,95877,26,207.4,"WF",312,73,NA,NA,4436,174,150,"visa",183,"debit","Yahoo","Yahoo",1,1,0,1,0,1,0,1,0,1,1,0,1,1,0,NA,NA,NA,NA,NA,NA,NA,NA,NA,NA,NA,NA,NA,NA,NA,NA,NA,"",NA,NA,NA,NA,NA,0,0,0,0,0,-5,189878,NA,NA,0,0,NA,NA,NA,NA,100,"NotFound",49,-300,"New","NotFound",166,13,397,533,NA,NA,"",NA,NA,NA,"","New","NotFound","iOS","mobile safari 11.0",32,"2732x2048","match_status:1",TRUE,FALSE,FALSE,FALSE,"mobile","iOS Device"
